<package>
  <description brief="Message and service declarations for the Nao humanoid">

     Message and service declarations for the Nao humanoid

  </description>
  <author>Armin Hornung, Stefan Osswald, Daniel Maier</author>
  <license>BSD</license>
  <review status="unreviewed" notes=""/>
  <url>http://ros.org/wiki/nao_msgs</url>
  <depend package="geometry_msgs"/>
  <depend package="actionlib_msgs"/>
  <depend package="sensor_msgs"/>
  <depend package="trajectory_msgs"/>
  <depend package="nav_msgs"/>
  <depend package="std_msgs"/>

</package>


