<package>
  <description brief="Driver package for the Nao humanoid robot.">
    <p>
     Driver package for the Nao robot, providing access to walking commands, 
     joint angles, and sensor data (odometry, IMU, camera, ...).
     The most-current version is
     compatible with the Nao API version 1.6 or newer, connecting to a real or simulated Nao
     by wrapping Aldebaran Robotics' NaoQI API in Python. This requires 
     the "lib" directory of the Aldebaran SDK to be in your PYTHONPATH
     environment variable.
   </p>
  </description>
  <author>Armin Hornung, Stefan Osswald, Daniel Maier</author>
  <license>BSD</license>
  <review status="unreviewed" notes=""/>
  <url>http://ros.org/wiki/nao_driver</url>

  <depend package="camera_info_manager_py"/>
  <depend package="diagnostic_updater"/>
  <depend package="std_msgs"/>
  <depend package="std_srvs"/>
  <depend package="geometry_msgs"/>
  <depend package="sensor_msgs"/>
  <depend package="trajectory_msgs"/>
  <depend package="nao_msgs"/>
  <depend package="humanoid_nav_msgs"/>
  <depend package="rospy"/>
  <depend package="roscpp"/>
  <depend package="actionlib"/>

</package>


